{"atomic_energies": "{8: -2.39669218, 14: -3.86610158}", "avg_num_neighbors": 52.982601165771484, "mean": -6.504965782165527, "std": 1.6617149114608765, "atomic_numbers": "[8, 14]", "r_max": 6.0}